id,name,email
1,山本 楓,darrick.schimmel@stokes.io
2,和田 美咲,alexa@ortiz.co
3,渡辺 凛,jimmy_harris@dicki.net
4,橋本 樹,eli.gutkowski@pfeffer.name
5,平野 千尋,duncan@champlin-schuppe.co
6,阿部 楓,jovan@wilderman.info
7,松本 玲奈,claud_streich@koch-nicolas.net
8,渡部 陽太,deedra@stroman.com
9,丸山 颯太,waltraud@kulas.name
10,佐藤 遼,gino@schimmel-price.net
11,小野 大輔,elissa@rau.biz
12,久保 芽衣,merrill@schuppe.info
13,野村 翔太,shantae@hauck.net
14,河野 莉子,ali@kertzmann.biz
15,新井 匠,cecilia.gutkowski@ryan-rosenbaum.biz
16,山口 瑛太,rosina@hoppe.info
17,吉田 結,tommy.runolfsdottir@nolan.name
18,橋本 翼,valeri_rempel@williamson-larson.co
19,佐藤 翔太,douglas@collins-powlowski.io
20,太田 翔,nelia@hermiston.com
21,村上 彩,quentin@nitzsche-gutkowski.net
22,松田 碧,sherise@lakin.io
23,菅原 悠太,lyndsey@okuneva.io
24,林 優衣,clayton.klocko@dickinson-larkin.biz
25,斎藤 結衣,cyrus@russel-balistreri.net
26,小山 諒,jessika.feeney@robel.info
27,竹内 奏太,gema_fay@stokes-rolfson.com
28,上野 大翔,vernon@wisoky-christiansen.org
29,大塚 舞,kandis.ratke@keeling-hilpert.io
30,清水 桜,tracy.kiehn@conn-aufderhar.biz
31,佐野 蒼,breanna_pollich@labadie.co
32,村田 凛,vonda@parker.name
33,森 桜,esteban_stoltenberg@gorczany-ziemann.name
34,千葉 陸,oscar@littel-kertzmann.info
35,遠藤 遼,letty@roob.biz
36,菊地 凛,darrell.olson@goodwin.co
37,山口 葵,stanford@osinski.org
38,新井 莉子,laurie@ankunding-dooley.net
39,近藤 大輔,jerold@denesik.com
40,山崎 美羽,randal@borer-olson.org
41,松尾 一郎,shelby_bernier@bruen.net
42,近藤 陽菜,seema_schiller@ritchie.info
43,杉山 結衣,alisa_kutch@roob.com
44,新井 太郎,donovan@kozey.biz
45,酒井 陽子,andres.abbott@veum-herzog.co
46,福田 結菜,elinor@upton-langworth.biz
47,中川 莉子,numbers_marvin@oconner-nienow.net
48,山崎 陸,shawnda_zemlak@kris.org
49,山下 蒼,calvin@ortiz-corkery.com
50,佐野 楓,vern@heathcote.biz
51,金子 舞,wilson.von@altenwerth.com
52,大塚 芽衣,nelle@stehr-rice.com
53,池田 航,maude_stroman@orn.com
54,福田 優那,jovan@barton.biz
55,山崎 誠,juliette@weissnat-turner.net
56,中村 太郎,otto.kemmer@considine.org
57,山田 凛,cheryl.turcotte@larson.io
58,青木 太郎,abdul_rosenbaum@ohara-schneider.name
59,佐々木 玲奈,chanell.hansen@boyle.io
60,加藤 海斗,jewell@reichert.io
61,宮本 亮太,earle_leannon@berge.io
62,河野 結菜,tyree@oconnell.com
63,和田 奈々,delila@zieme-reilly.io
64,大野 美優,fermin@schmeler-dare.com
65,吉田 優斗,scott@rolfson.co
66,菅原 さくら,sam@mohr.com
67,菅原 一輝,edgar.jaskolski@bruen.net
68,松田 悠太,dong.stehr@hegmann-bosco.co
69,渡部 蒼,hanna@dooley.io
70,森田 遥,cleora_feeney@kris.name
71,工藤 杏,lani@kiehn.net
72,松田 仁,duncan@simonis-mills.net
73,中野 優花,bridget@wilkinson.name
74,山田 愛子,yadira@ledner.org
75,菊地 翼,laurence@gleichner.name
76,平野 悠太,jeannetta@medhurst-bogan.io
77,佐野 愛,katheryn_moen@reilly.io
78,佐藤 響,taryn_stroman@wolff.com
79,山下 恵,hermila@bailey-schowalter.com
80,松田 優斗,chester_abernathy@bailey-gutkowski.biz
81,森 大樹,royal.pagac@altenwerth.net
82,佐々木 舞,hulda_stoltenberg@botsford.io
83,酒井 恵,essie@schamberger-friesen.com
84,太田 誠,deena.rogahn@boehm.io
85,小林 悠太,abbie@hackett.org
86,田中 優,regina_hudson@reinger.co
87,岩崎 翼,cedric@hahn.co
88,中野 匠,marco@bartoletti-effertz.com
89,原田 愛美,harriette@maggio.co
90,佐藤 杏奈,sadie_maggio@nader-bauch.net
91,橋本 蒼,cameron@schaden.info
92,西村 悠,andre@runolfsdottir.net
93,岩崎 葵,neoma.hettinger@koss.biz
94,今井 杏奈,mark_moen@langosh.org
95,松田 翔,jesse@mertz.name
96,石井 結,hollis@johnston-cassin.com
97,林 芽衣,lakiesha@gutkowski-wehner.info
98,原田 一輝,roger@ward.name
99,大塚 裕子,rozella_orn@braun.org
100,増田 愛子,jules_monahan@purdy.com
